,name
Labcorp,11
Quest Diagnostics,9
myDoc Urgent Care,4
The Vitamin Shoppe,2
Nuts To You,2
GNC,2
Whole Foods Market,2
vybe urgent care,1
Smoothie King,1
Jefferson Hospital Radiology,1
Chestnut Hill Pharmacy,1
Hahnemann University Primary Care,1
Bralow Medical Group,1
Myra's Vitamin and Herbal a Wellness Center,1
Reading Terminal Market,1
WorkNet Occupational Medicine,1
Essene Market & Caf√©,1
Paul Rubin's Chiropractic and Wellness Center,1
Frutta Bowls,1
Advanced Diagnostics,1
Planned Parenthood - Elizabeth Blackwell Health Center,1
Mnap Diagnostic Center,1
Rangoli: Vibrant Flavors of India,1
Dessertcrazy,1
Chinese Natural Herbs,1
Sprouts Farmers Market,1
MOM's Organic Market,1
Bee Natural,1
Maplewood Nutrition & Dietary Food Shop,1
The Art of Medicine,1
NetCost Market,1
Weavers Way Co-Op,1
Penn Herb Company,1
Satya Juice,1
Philadelphia Pregnancy Center,1
Black and Nobel,1
LiceDoctors - Philadelphia,1
Liberty Resources Home Choices,1
Worknet Occupational Medicine,1
Penn Medicine Washington Square,1
The Galley Cafe,1
"Robert A Wortman, OD",1
Fuel,1
First Class Pharmacy,1
Primal Nutrition,1
Mariposa Food Co-op,1
Kurry Shack,1
BAYADA Home Health Care,1
Mr. Wheelchair,1
Jefferson Outpatient Imaging,1
CIBO Express Market,1
Planned Parenthood - Castor Avenue Health Center,1
Veghada,1
Empire Szechuan,1
Medical Guardian,1
